id,sku,name,price,compare_at_price
5b66e8b8-fa3c-4b9e-995b-fbc3eb34ab5f,UTT-ACB-001,Cocoa Marble Square Bangle,90,
8d11e4ca-b7e2-44b3-bfe6-a4d70216b2a7,UTT-ACB-002,Autumn Trio Stacking Bangle,270,
8bd2bc77-b398-44fe-9a3c-4eccea58e042,UTT-ACB-003,Amber Tortoise Square Bangle,90,
20d790c8-b273-43fa-be10-70782b2a1bc2,UTT-ACB-004,Tangerine Swirl Square Bangle,90,
50987867-8ed1-46d3-a61b-96b0f04e52dd,UTT-ACB-005,Olive Swirl Square Bangle,90,
829f0814-37fa-403c-802b-cc3a9b2051d0,UTT-ACB-006,Honey Yellow Square Bangle,90,
dcca1d15-e57e-4788-be9f-0175f2ed2ade,UTT-BFM-001,Cross Station Link Bracelet,150,
96292c5a-138e-42b5-b619-411e1b819044,UTT-BFM-002,Onyx Bead Byzantine Bracelet,150,
ff6379e3-6b76-4ab1-b16b-4c837e478477,UTT-BFM-003,Black & Silver Figaro ID Bracelet,150,
d7e22259-bc1b-4cce-b853-5d9ae1007ba8,UTT-BFM-004,Gothic Fleur Link Bracelet,150,
77eb5013-301c-4ac8-a1c4-41fc8c953fe5,UTT-BFM-005,Figaro ID Chain Bracelet,150,
c2841bca-7217-47e4-a3e0-79902ff30ec6,UTT-BFM-006,Polished Barrel Link Bracelet,150,
d8bfc64f-5dd7-44de-9748-b4f031d61b89,UTT-BFM-007,Popcorn Chain Bracelet,150,
019c6f46-cba2-47d3-83f2-f8830ddf9f00,UTT-BFM-008,Two-Tone U-Link Pavé Bracelet,150,
5fd1e6f4-fdfd-4947-9a54-fa77fccf617c,UTT-BFM-009,Gold & Silver Beaded Link Bracelet,150,
849512e3-3e83-4cb4-b5fd-ad490439cf91,UTT-BFM-010,Two-Tone Bar Link Bracelet,150,
66a4825a-743f-42ea-a70d-abb6b5408785,UTT-BFM-011,Square Link Chain Bracelet,150,
fbb2153e-2f05-465d-990b-fc8ca7322fd3,UTT-BFM-012,Steel & Gold Cable Bar Bracelet,150,
d54f53d9-c9c4-40bb-9e8d-b56150f8331c,UTT-BFM-013,Silver Cross Bar Link Bracelet,150,
09f19d87-baaa-46fb-8ff7-2f6f95167665,UTT-BFM-014,Gold Snake Link Magnetic Bracelet,150,
d428717c-f505-4185-a93d-6d50183f07db,UTT-BFM-015,Gold Crown Link Bracelet,150,
3bfee035-ecbe-4daf-852c-28d2907e6ebd,UTT-BFM-016,Two-Tone Jubilee Link Bracelet,150,
073d0c6e-af3d-4229-b235-59aa9eb634e4,UTT-BFW-001,Gold Pavé Crystal Love Bangle,130,
f27670a6-4c10-46db-9596-75fd2a4bb130,UTT-BFW-002,Rose Gold Ribbed Screw Motif Bangle,130,
db169617-8240-40ee-bfbe-3e3b0154dd45,UTT-BFW-003,Rose Gold Monogram Bangle,130,
250287bb-8533-474c-90b9-d0292933bf98,UTT-BFW-004,Rose Gold Letter Crystal Bangle,130,
ca2c1f11-630c-4cbc-8194-5dd82024a141,UTT-BFW-005,Rose Gold Classic Love Bangle,130,
f409167f-5dfa-40e6-96ef-bd2f104ffca9,UTT-BFW-006,Gold Nail Bangle,130,
7a02cf71-57d9-4312-a124-e5da304fa8e2,UTT-BFW-007,Gold Classic Love Bangle,130,
7dfd3b1c-9ee3-46e7-bc25-7d6552e63d17,UTT-BFW-008,Silver Nail Bangle,130,
a4651e2e-f48a-4b1c-aa94-ebda1cb2f158,UTT-BFW-009,Silver Ribbed Screw Motif Bangle,130,
f4fdbf96-b996-461b-9fbe-8b84382a983c,UTT-BFW-010,Silver Pavé Crystal Love Bangle,130,
3067a2fa-48f4-486e-bcae-91a43adcddfd,UTT-BFW-011,Silver CZ Station Bangle Bracelet,130,
03cc9fc9-3ffa-419a-885e-e0a341156d5a,UTT-BFW-012,Silver CZ Love Bracelet,130,
7bc1e231-2645-4157-996f-3397a2e44653,UTT-BFW-013,Gold CZ Love Bracelet,130,
975f4c2f-8f9a-4124-8905-5d7a03e1c98f,UTT-BFW-014,Gold Slim Love Bracelet,130,
937767f0-dcd8-421d-8428-9c3d6d5c09dd,UTT-BFW-015,Gold Honeycomb CZ Bracelet,130,
ba019c5a-1826-428d-b6e2-6825388a416a,UTT-BFW-016,Gold Quilted CZ Bracelet,130,
006698d6-956f-4b07-af65-4a77941d58d2,UTT-BFW-017,Rose Gold Quilted CZ Bracelet,130,
4e1a999c-6ec7-44dd-965f-3892bf7e5d26,UTT-BFW-018,Silver Quilted CZ Bracelet,130,
0fb3385a-56d6-4438-b7b6-c752a23886a5,UTT-BFW-019,Two-Tone Monogram Padlock Bracelet,210,
d2dc3bd8-5d28-4b0a-81b0-757e00e8fc96,UTT-BFW-020,Two-Tone Icon Duo Bracelet,210,
886924da-5f3a-4c8a-a4f1-857cccfa186a,UTT-BFW-021,Silver Checkerboard Duo Bracelet,210,
35255011-a69a-4a81-9567-626b78c09776,UTT-BFW-022,Red Stripe Pave Bangle Bracelet,130,
e50e6d8b-a85e-4667-92d0-017d2a9ea287,UTT-BFW-023,Gold Beaded Wave Cuff Bracelet,130,
4a2ee57b-4f5e-4e52-975b-03933f602c9f,UTT-BFW-024,Ruby Red Oval Crystal Bracelet,130,
342cde17-cb47-4c7d-a62c-e3410cbc59b5,UTT-BFW-025,Gold Double Ball Wave Bracelet,130,
87bc2c39-6229-44be-a6ba-157997636ecf,UTT-BFW-026,Gold Knotted Oval Cuff Bracelet,130,
ff60f5c9-2845-47dc-960e-b04813e6d418,UTT-BFW-027,Gold Woven Bead Cuff Bracelet,130,
04e82fbc-b54a-47f0-8365-15f9baf92802,UTT-BFW-028,Gold Orbit Knot Cuff Bracelet,130,
9a3eabd0-b7f3-411e-8f7c-73b3e1104a12,UTT-BFW-029,Gold Marine Link Bangle Bracelet,130,
64ad0683-d980-4a03-875d-e5f98e32b576,UTT-BFW-030,Gold Turquoise Floral Bangle Bracelet,130,
9700e2ff-8956-4a7b-b7f5-f1c0c5ca4315,UTT-BFW-031,Turquoise Filigree Pave Bracelet,130,
80a77938-30aa-4237-90bb-30da07f2d88f,UTT-BFW-032,Gold Honeycomb Onyx Bracelet,130,
c22ad0b9-bf6a-405a-8b55-ec18f77dc991,UTT-BFW-033,Gold Loop Crossover Cuff Bracelet,130,
58cf60ea-e423-446f-9321-7a688da798ca,UTT-BFW-034,Gold Crisscross Wire Cuff Bracelet,130,
83afb0dd-bff7-46b9-bc5a-d161b31c7800,UTT-BFW-035,Gold Wire Flower Cuff Bracelet,130,
af30a0e0-9672-416d-82ea-1af2f0a96757,UTT-BFW-036,Gold Double Circle Cuff Bracelet,130,
057a429b-f28c-4551-af06-cebea2b01145,UTT-BFW-037,Gold Coil Wrap Cuff Bracelet,130,
c0ec646f-1463-40eb-9826-22f348bc2d1e,UTT-BFW-038,Gold Ball Spiral Wrap Bracelet,130,
f80363ee-cf8c-49a3-9c9f-7a6be17914d9,UTT-BFW-039,Gold Clover Knot Cuff Bracelet,130,
fa8cfd3e-048d-46fb-9aec-e42da5e6b423,UTT-BFW-040,Gold Cube Ball Loop Bracelet,130,
bb42d39f-fa75-4b21-9c81-dba96cbbfad7,UTT-BFW-041,Gold Nail Crossover Cuff Bracelet,130,
2f114bb7-0361-456e-b4cb-25f54101a2f4,UTT-BFW-042,Gold Double Cube Loop Bracelet,130,
30c62ef8-3bcb-4240-b825-011011e71523,UTT-BFW-043,Gold Bamboo Bangle Bracelet,130,
1f64fcd3-6927-45b9-86be-ae39a979e980,UTT-BFW-044,Gold Rice Bead Station Bracelet,130,
edf846d9-0062-4a32-84df-bd8ad9dcaa71,UTT-BFW-045,Gold Pave Horseshoe Link Bracelet,130,
6e5f0b87-3ad1-4f36-8963-250d3b93663f,UTT-BFW-046,Gold Triple Crystal Bangle Bracelet,130,
2cc564c9-6f69-42e9-a537-d0cb82d59062,UTT-BFW-047,Gold Twin Ball Bypass Bracelet,130,
054221ef-bb18-4b73-8fb3-2a96af9e457f,UTT-BFW-048,Gold Circle Overlay Cuff Bracelet,130,
85fff7ff-55d4-4596-879f-d6ba010ea0e7,UTT-BFW-049,Gold Open Circle Wave Bracelet,130,
a2d1d026-7f93-4e59-9694-6d66472ca7d6,UTT-BFW-050,Gold Toggle Bar Cuff Bracelet,130,
280f680b-5853-4eb8-ab70-fc10a34aa513,UTT-BFW-051,Gold Bow Knot Cuff Bracelet,130,
27e87e65-b08e-4c51-8dcd-10a04488fc63,UTT-BFW-052,Silver Belt Buckle Wrap Bracelet,130,
66e792ef-3204-43e8-af69-ec6c4d6d72c2,UTT-BFW-053,Orange Enamel H-Clasp Bracelet,130,
55f4ab49-8b5a-404f-b26d-d6224cce6ff5,UTT-BFW-054,Gold Engraved Monogram Bracelet,130,
79e8f0f9-2540-4e41-b8c5-3a80a22c63ea,UTT-BFW-055,Gold Infinity Ball Cuff Bracelet,130,
0d82e0e6-e841-4575-b9eb-3f84419b518f,UTT-BFW-056,Gold Blossom Pink CZ Bracelet,130,
77846505-13b2-47d8-8a7e-b193a4447f8d,UTT-BFW-057,Gold Marquise CZ Cluster Bracelet,130,
5681ab07-6712-42c0-be26-73f3145c6b6d,UTT-BFW-058,Rainbow Baguette CZ Tennis Bracelet,130,
fdc0f159-af4f-4d72-ba99-4d5523210f99,UTT-BFW-059,Pastel CZ Cluster Tennis Bracelet,130,
dd42fe4e-82c7-4735-8ace-27275325b69d,UTT-BFW-060,Pastel Petal Flower Silver Bracelet,130,
e4768889-8f45-49ff-973b-a97972c02408,UTT-BFW-061,Silver Clover Station Chain Bracelet,130,
d46cc442-6737-406d-a699-f09e507c5d8c,UTT-BFW-062,Silver Heartbeat Charm Bracelet,130,
3f70a5de-b9cc-4e11-8221-487a2e51a3b3,UTT-BFW-063,Gold Baguette CZ Tennis Bracelet,130,
f9527a7a-2c68-4848-a562-be70eae3f660,UTT-BFW-064,Gold Daisy Flower Chain Bracelet,130,
495ca1a7-2a77-4462-bf68-0596f3fe60f4,UTT-BFW-065,Gold Curb Chain Buckle Bracelet,130,
bea68b57-1e7e-41f3-97ea-e1207a298454,UTT-BFW-066,Gold Heartbeat Charm Bracelet,130,
caa144a7-9f61-4832-8c67-bd948ecabd50,UTT-BFW-067,Gold Open Oval Link Bracelet,130,
85f8de0e-2933-4058-8bd1-95e6865ce10d,UTT-BFW-068,Lavender Emerald Cut Tennis Bracelet,130,
589c16db-1a85-4904-8e85-6906690e9899,UTT-BFW-069,Multicolor Princess CZ Silver Bracelet,130,
9ab93e92-8180-450f-a7e8-5f18038e9bc7,UTT-BFW-070,Pastel Round Gem Link Bracelet,130,
6fa2471e-0966-4813-97ce-29c754f941f7,UTT-BFW-071,Mixed Cut CZ Statement Bracelet,130,
1e932e6d-6855-4eb7-8765-ecaef005b3a0,UTT-BFW-072,Yellow Halo Pastel Tennis Bracelet,130,
52518a87-279f-4900-a36b-e06b2cb327e3,UTT-BFW-073,Yellow Oval Halo Clover Bracelet,130,
3911bd20-b19a-4157-bc24-32cdb57e3365,UTT-BFW-074,Pastel Oval Gem Tennis Bracelet,130,
b606c141-a463-4d15-8bde-95726b06bdf4,UTT-BFW-075,Silver Watch Chain CZ Bracelet,130,
9a0ce382-628b-4503-b1c6-1d5d3efdf5da,UTT-BFW-076,Gold Infinity Heart Drop Bracelet,130,
0916115c-fca0-4120-85c7-ab09173c6f8c,UTT-BFW-077,Pink Princess CZ Pyramid Bracelet,130,
6602f1d7-55cf-41f2-a400-97dd99b36816,UTT-BFW-078,Pink Halo Emerald Cut Bracelet,130,
041d2555-a6e5-4913-9930-a406811302fd,UTT-BFW-079,Lilac Olive Halo Tennis Bracelet,130,
8c5475e6-effa-4a04-acf7-d83745f2307a,UTT-BFW-080,Multicolor Halo Gem Tennis Bracelet,130,
b9152244-a8f1-4679-a081-a29a18af5094,UTT-BFW-081,Silver Bead Pastel Gem Bracelet,130,
3c4a5757-fd1e-4922-b1e6-0d46f817423f,UTT-BFW-082,Gold Bead Multicolor Gem Bracelet,130,
af1f4df4-40e7-4073-9f6f-001497cb1573,UTT-BFW-083,Jewel Tone Oval Gem Bracelet,130,
4c188181-cc64-421f-9f21-7085e4bb4e1e,UTT-BFW-084,Pastel Halo Flower Link Bracelet,130,
f3de190b-86bf-4f3d-8124-a9613f55fc0e,UTT-BFW-085,Gold Pink Halo Link Bracelet,130,
8c8eb5a8-9134-48aa-8d0c-2b08218dabc5,UTT-BFW-086,Pastel Cushion Halo Silver Bracelet,130,
26cc668a-55e4-4335-a3d4-bc8894ab34cb,UTT-BFW-087,Teal Accent Baguette Tennis Bracelet,130,
d534f5e8-7124-46de-b5d3-ee3be0168562,UTT-BFW-088,Gold Deco Link CZ Bracelet,130,
122359cf-1244-4501-a0c9-24f3715dd0b8,UTT-BFW-089,Gold Curb Chain Halo Bracelet,130,
c3728d96-2d4d-487a-88e9-c706b2d3198c,UTT-BFW-090,Iridescent Heart Pear CZ Bracelet,130,
a1cc16fa-e682-426f-a339-4153272e3602,UTT-BFW-091,Pastel Marquise Leaf Tennis Bracelet,130,
714870a3-36f2-46f2-a54a-6e844a695daa,UTT-BFW-092,Gold Oval Halo Crystal Bracelet,130,
c9a7fcf0-b418-4a6d-bf7f-149b4604bccc,UTT-BFW-093,Gold Heart Pearl Strand Bracelet,130,
e42393a3-89ce-45c9-a167-9fb21bc95db7,UTT-BFW-094,Silver CZ Infinity Ribbon Bracelet,130,
a3a83714-e20f-4b07-b5e6-3576f4617cdc,UTT-BFW-095,Silver Pave Bow Chain Bracelet,130,
5d400e94-a860-4892-abe2-1183529825b2,UTT-BFW-096,Silver Pave Cross Chain Bracelet,130,
a6baae0a-942a-4144-8964-f270bc50179d,UTT-BFW-097,Silver CZ Infinity Bracelet,130,
e1967a1a-35c1-4316-8436-3b94cbf7fc7a,UTT-BFW-098,Silver Pave Marquise Bracelet,130,
5c420a12-a7e0-4d6b-8f8c-88a70cf7e9a2,UTT-BFW-099,Silver Heart Infinity Bracelet,130,
19b50218-7dc8-48af-953e-4ecbf02adb8e,UTT-BFW-100,Silver CZ Hamsa Bracelet,130,
9a75f08d-6fd5-4ed0-a643-6fe5184f6808,UTT-BFW-101,Silver CZ Wave Bar Bracelet,130,
6ab42460-9ffc-4e24-9938-a123b8566556,UTT-BFW-102,Silver Interlocking Hearts Bracelet,130,
6feb73ae-ea02-497e-b441-2ba23e8fc626,UTT-BFW-103,Silver CZ Ribbon Bracelet,130,
8f5a6196-5c9c-4ee2-b255-277fe815ce0d,UTT-BFW-104,Silver Sliding Stone Bar Bracelet,130,
090f8158-bfec-4c4c-bfe3-3d9d347c5120,UTT-BFW-105,Pink CZ Floral Cluster Bracelet,130,
d79f0da1-ac75-4abc-ab49-33394e465058,UTT-BFW-106,Gold CZ Ball Link Bracelet,130,
a1a86a47-b06c-412b-b495-9d8562d943f9,UTT-BFW-107,Gold Pave Mariner Link Bracelet,130,
e7e985f3-1c0b-43ce-927b-902eda9559d5,UTT-BFW-108,Red Heart Halo Tennis Bracelet,130,
822cf234-894c-47aa-8c02-871a2bfd7375,UTT-BFW-109,Gold Perfume Bottle Charm Bracelet,130,
d1550c26-f81d-4608-8045-390657499500,UTT-BFW-110,Gold Bar Fringe Bracelet,130,
ca105510-c481-4186-aff2-002b4a532c4b,UTT-BFW-111,Gold Horseshoe Tassel Bracelet,130,
a99b27db-9ff8-407f-a6fa-78bc78c1ea6e,UTT-BFW-112,Gold Arc Emblem Tennis Bracelet,130,
ba41d6d4-b56f-4c75-89a6-44d87c543342,UTT-BFW-113,Gold Mariner Station Tennis Bracelet,130,
d096b566-d1e1-4193-99ff-485828e6b485,UTT-BFW-114,Gold Greek Key Bracelet,130,
dd0d7111-3b5f-43a9-a2ea-0755b1d8bc44,UTT-BFW-115,Gold Crescent Station Bracelet,130,
538ef6c8-cb52-436d-88dc-547efa08ec0f,UTT-BFW-116,Gold Adinkra Charm Bracelet,130,
0a7d8c67-8856-4850-a288-e94e7b9257cc,UTT-BFW-117,Pearl Layered Chain Bracelet,130,
b24f986c-d08b-4283-9094-b9e1a4c94afb,UTT-BFW-118,Gold Interlocking Circles Bracelet,130,
07d7e6c0-e4c7-4c4e-a02d-c1dc84f7bfdb,UTT-BFW-119,Gold Cascading Monogram Bracelet,130,
27335ecb-98bf-455a-ba2a-d462b9a74a20,UTT-BFW-120,Gold Filigree Bead Bracelet,130,
1335b635-0b1b-483f-ad2c-09c1cd49b9a2,UTT-BFW-121,Gold Love Knot Bar Bracelet,130,
690f96dd-18f4-4b59-b11b-27c160507c5d,UTT-BFW-122,Gold Leaf Charm Bracelet,130,
efa06d5e-35ca-4feb-bee0-c522e533310a,UTT-BFW-123,Gold Pearl Station Bracelet,130,
49ecae28-d4f9-4e38-92b7-b448239e1513,UTT-BFW-124,Gold Pave T Charm Bracelet,130,
88a399b4-e25b-446a-acfd-e292dd7e9d3c,UTT-BFW-125,Gold Puffed Heart Bracelet,130,
3403797b-f341-4879-afae-a58dcbb0e0f9,UTT-BFW-126,Gold Triple Infinity Bracelet,130,
a151e898-148e-4de1-baa5-e76ae698354a,UTT-BFW-127,Sunburst Baguette Wheel Bracelet,130,
53ccdcbf-8139-42c3-8b77-283f0cd2611c,UTT-BFW-128,Gold Interlocking Emblem Bracelet,130,
acd41e15-31a1-42f2-84ae-3f296f385ac0,UTT-BFW-129,Gold Circle Emblem Station Bracelet,130,
fe5d9209-ae61-457e-8acc-9acd2bdac438,UTT-BFW-130,Gold Monogram Cube Bracelet,130,
d0950aa5-1843-4245-ba88-6b110c149664,UTT-BFW-131,Gold Beloved Coin Toggle Bracelet,130,
ab6c8b16-ecc9-4c7e-a7f9-14095be7afeb,UTT-BFW-132,Gold Square Link Lariat Bracelet,130,
84fdd92a-2bc8-406f-a303-71a70a2d9462,UTT-BFW-133,Gold Mariner Trio Bracelet,130,
28d2958c-6744-4460-8dd3-f5e6483e5a36,UTT-BFW-134,Gold Mariner CZ Link Bracelet,130,
22e6d50d-fb1f-4dc2-8250-72ede0a8163b,UTT-BFW-135,Emerald Baguette Butterfly Bracelet,130,
ea86bf14-3533-4cf2-8f95-039b26034147,UTT-BFW-136,Gold Butterfly Bar Bracelet,130,
a9e2a435-578e-4c8d-add9-fed4ef332ba2,UTT-CHB-001,Gold Sculpted Wave Bangle,100,
98a54e49-5e3e-4ac8-94cf-f44bf0b7ca93,UTT-CHB-002,Silver Sculpted Wave Bangle,100,
63d46540-0e34-4cba-beb7-3fe7dc9ddab6,UTT-CHB-003,Silver Coil Spring Bangle,100,
915b81df-fff4-41f3-b3e1-05622cf5f89f,UTT-CHB-004,Gold Liquid Cuff Bangle,100,
bd60d836-2069-40cc-bccc-331316f29109,UTT-CHB-005,Silver Hammered Wave Bangle,100,
7ee00d85-5153-49d2-9a24-a0b6835c40c1,UTT-CHB-006,Silver Ribbed Cuff Bangle,100,
3825a63c-e5a2-4739-a92e-b67f738e2487,UTT-CHB-007,Silver Wide Polished Cuff Bangle,100,
f7896718-0805-4612-8b74-45c5c8ae768f,UTT-CHB-008,Silver Double Loop Bypass Bangle,100,
f3744fa0-4860-46af-a834-0a06d8068933,UTT-CHB-009,Silver Ribbed Wrap Bangle,100,
091bb4af-07f5-4cdc-a3da-84c199276f4a,UTT-CHB-010,Silver Polished Dome Bangle,100,
850d0e26-289f-419e-b494-dc32efee9cf0,UTT-CHB-011,Silver Classic Hinged Bangle,100,
a12a0aef-9db0-47b0-b8f9-499e4baa964c,UTT-CHB-012,Silver Sculpted Wave II Bangle,100,
7294f2b1-a22e-4a13-b7c7-a75dda221801,UTT-CHB-013,Silver Twist Pinch Bangle,100,
18c6b812-d79d-4cfb-8031-d0f74233610f,UTT-CHB-014,Gold Double Band Heart Bangle,100,
5b2c9dcd-2e3a-463b-b03f-f83a6282f00b,UTT-CHB-015,Silver Seven Row Stack Bangle,100,
cf82c435-c1df-42bf-b271-d86df69e61c1,UTT-CHB-016,Silver Interlaced Loop Bangle,100,
992429b8-b1c8-4151-a4df-68930abe97e3,UTT-CHB-017,Silver Crossover Wire Bangle,100,
51a06535-dac6-4ea3-9647-63b7bf5cf495,UTT-CHB-018,Silver Diagonal Ridge Bangle,100,
68a85ace-20e0-4118-ac89-bf010bba3664,UTT-CHB-019,Silver Leaf Bypass Bangle,100,
771e1f1d-1be4-4fc5-bdfd-9a4e472a3853,UTT-CHB-020,Gold Pearl Cluster Bangle,100,
b83631a1-d895-4975-bd74-8b17b07f693e,UTT-CHB-021,Clear Lucite Square Bangle,90,
aa3e7af9-a552-4e6f-aed6-eda3d2e042f4,UTT-CHB-022,Red Marble Square Bangle,90,
f69f348a-d0d1-43b2-a421-5448e96e7bac,UTT-CHB-023,Gold Faceted Panel Bangle,100,
0f9d2132-560c-42de-877f-f2632f8c7610,UTT-CHE-001,Silver Ribbed Puffy Hoop Earrings,90,
f3a5d87f-4eee-4d6c-aa51-ef21e3b312ec,UTT-CHE-002,Gold Twisted Rope Hoop Earrings,90,
1089002d-2e00-44ce-8585-245e3a415d30,UTT-CHE-003,Gold Textured Edge Hoop Earrings,90,
46863228-3391-42a5-9391-14085ce34a61,UTT-CRM-001,Silver Greek Key Signet Ring,80,
5068f89c-a56a-4c5b-ab7b-3d765059234b,UTT-CRM-002,Silver Chevron Signet Ring,80,
ea7840a0-f85e-4a23-8fc5-8c3f204c0b98,UTT-CRM-003,Silver Beaded Greek Key Ring,80,
be475324-3134-44e0-ba99-b773f6d33e77,UTT-CRM-004,Silver Oval Signet Ring,80,
f9706e86-e07b-4704-a192-6124320c336f,UTT-CRM-005,Gold Greek Trim Signet Ring,80,
d34f7eca-ca2e-44c0-930e-90f27e75691c,UTT-CRM-006,Gold Square Signet Ring,80,
320ac5ef-e1ca-4b5c-91aa-4939ca7ce0a1,UTT-CRM-007,Gold Greek Key Border Ring,80,
c41c7944-e8c1-4b41-9780-75fe6e5dfdc3,UTT-CRM-008,Gold Anchor Medallion Ring,80,
5793501e-5c65-4549-aba0-1075e6b7887d,UTT-CRM-009,Gold Cross Signet Ring,80,
9b8b48e7-5508-480a-8386-9dde33fcdb58,UTT-CRM-010,Gold Woven Anchor Signet Ring,80,
375cbae7-6cb4-43d2-90e0-bdfb3b6b6e5a,UTT-CRW-001,Gold Interlocked Knot Ring,80,
3797d6f1-05c3-4d31-bc39-7733d7c70588,UTT-CRW-002,Gold Orb Cluster Wrap Ring,80,
9ba90a60-077a-4334-a8a1-efcacb9cdf3d,UTT-CRW-003,Gold Orb Center Dome Ring,80,
79b63be3-f632-43dd-b242-305bd015a144,UTT-CRW-004,Gold Concave Band Ring,80,
c9d9d7c3-fe91-41d4-8c49-5d06ecf152c7,UTT-CRW-005,Gold Sculpted Oval Statement Ring,80,
13b9acba-5c54-4e7f-a579-fe4ebf218615,UTT-CRW-006,Gold Bubble Cluster Ring,80,
3ba112b3-1bd8-4207-a0f8-477c68f17d8e,UTT-CRW-007,Gold Dome Bypass Ring,80,
3a08e796-b649-4774-9191-c1ee43c124aa,UTT-CRW-008,Silver Double Ball Open Ring,80,
e0fe9dcc-ac0e-4556-8a5d-bd55457b6cd3,UTT-CRW-009,Gold Wide Cigar Band Ring,80,
df42f717-eab2-4917-a7c8-a1450b2f4aff,UTT-CRW-010,Gold Infinity Swirl Ring,80,
c27bf743-4df3-4ede-9de5-c04912eee37c,UTT-CRW-011,Gold Swirl Petal Dome Ring,80,
765c4ab3-7529-4de4-8711-63e1d02a4c73,UTT-CRW-012,Gold Teardrop Bypass Ring,80,
506f898e-b1d6-456f-906f-b5ed3708bdb1,UTT-CRW-013,Gold Crossover X Ring,80,
64f17a16-6441-4fb4-828b-8307c8ceed7e,UTT-CRW-014,Gold Spiral Teardrop Wire Ring,80,
5755575e-6383-4eec-8a54-25a7bc1adb1c,UTT-CRW-015,Gold Angel Wing Wrap Ring,80,
4da8e10d-7590-4a3a-8c60-b091f52a928e,UTT-CRW-016,Gold Double Band Loop Ring,80,
938015bc-fe6f-464b-ab39-1887bacd856e,UTT-CRW-017,Gold Ribbed Basketweave Ring,80,
bf659cf8-3cfe-4294-8ccc-7f8911daea17,UTT-CRW-018,Gold Curved Disc Statement Ring,80,
74dfc5da-87c7-4cab-a2c8-092630001d11,UTT-CRW-019,Silver Oval Dome Ring,80,
7afbda9c-a810-4ec6-83d4-60a5b12a8372,UTT-CRW-020,Silver Sculptural Swirl Ring,80,
a0f14d81-bb0f-4f46-bd59-aa34c8d8b570,UTT-CRW-021,Silver Crossover Leaf Ring,80,
95a0c2a4-9d29-4861-87fb-53299523326a,UTT-CRW-022,Silver Molten Heart Ring,80,
3018e249-7654-463d-bc44-7b51518fb78a,UTT-CRW-023,Silver Interlocked Knot Ring,80,
ba1706a8-5c6d-4a66-8627-4b7a84517773,UTT-CRW-024,Silver Double Dome Wrap Ring,80,
567783fc-7517-4ece-965c-5326881cdc6a,UTT-CRW-025,Silver Twin Bar Bypass Ring,80,
460e6435-4ca6-43ab-bc54-1fd3957ab1fa,UTT-CRW-026,Silver Spiral Disc Ring,80,
ed3942c4-342b-4249-8be6-65d6c9426c43,UTT-CRW-027,Silver Ribbed Coil Wrap Ring,80,
8c7d452f-a9ca-4974-ba63-91da263c8c0a,UTT-CRW-028,Silver Hairpin Loop Ring,80,
f4337c62-78ad-4240-b86c-963f63476bae,UTT-CRW-029,Silver Feather Wrap Ring,80,
e11e23bf-260e-4987-bca9-a548bc153749,UTT-CRW-030,Silver Ocean Wave Disc Ring,80,
52fd3424-ae52-498e-ae6a-9379483ba32b,UTT-CRW-031,Silver Open Heart Ring,80,
d81a249e-6c33-409a-bddd-b1a50d0252cd,UTT-CRW-032,Silver Oval Loop Ring,80,
74a3c031-5b72-436d-94be-d7dcdf24e91b,UTT-CRW-033,Silver Square Signet Ring,80,
79daf7ba-c767-43ee-8df8-d45370862b93,UTT-CRW-034,Silver Wavy Signet Ring,80,
5faae6bd-2778-4eac-93d0-d7b0d897b6aa,UTT-CRW-035,Silver Curb Chain Band Ring,80,
acb70fef-5ba8-4cd8-91f4-dd9d9c5eb965,UTT-CRW-036,Silver Bold Wing Bypass Ring,80,
b7eb206c-976a-47da-af81-865350f7fb22,UTT-CRW-037,Silver Safety Pin Ring,80,
689bcee1-e7f3-4ffb-aeb1-37a3fa2988a3,UTT-EWR-001,Pink Crystal Station Watch Ring,80,
bd9ca846-eb88-4be4-8d47-6d991ce44574,UTT-EWR-002,Pink Dial Stretch Watch Ring,80,
561e85e8-8b85-4907-9090-e5c3b8f1bca2,UTT-EWR-003,Pink Fluted Bezel Watch Ring,80,
d83d2168-e1f3-4085-9797-97ffcda05940,UTT-EWR-004,Green Clover Dial Watch Ring,80,
370362f1-2347-4b2c-b024-cdf33c885b9f,UTT-EWR-005,Black Clover Dial Watch Ring,80,
4a8042e0-7acd-46f3-b984-3f2c88c32fe0,UTT-EWR-006,Lime Clover Dial Watch Ring,80,
7017b00a-b946-4c06-845b-a7fa322d14cc,UTT-GPE-001,Gold Textured Leaf Drop Earrings,70,
e845b9b4-d413-4315-a62f-395e73db472e,UTT-GPE-002,Gold Poppy Flower CZ Earrings,70,
ca69259c-e960-4337-935c-5bb31e2f452f,UTT-GPE-003,Gold Twisted Oval Hoop Earrings,70,
6a005995-0992-4784-8af7-a71f86574300,UTT-GPE-004,Silver Wire Daisy Pearl Earrings,70,
64b15fc6-66f0-414d-8fa2-11c99d3bd0a1,UTT-GPE-005,Gold Pave Heart Hoop Earrings,70,
0d41f4a2-d0d8-40a5-a9e6-36c70187623b,UTT-GPE-006,Gold Hammered Disc Button Earrings,70,
762c551a-4f0f-4be7-8444-ab6f5dcefdbf,UTT-GPE-007,Iridescent Crystal Chandelier Earrings,70,
923f29bc-106d-4494-88d9-0918647895e2,UTT-GPE-008,Gold Ruffle Petal Dome Earrings,70,
df98bb58-bf5b-4815-ba02-d0da03e91c9b,UTT-GPE-009,Gold Pearl Cluster Hoop Earrings,70,
dcba8a7d-ede5-47f5-8621-702f8ff7b0a0,UTT-GPE-010,Clear Crystal Marquise Drop Earrings,70,
7976e076-de1f-4647-98ef-758d269f9b33,UTT-GPE-011,Champagne Marquise Crystal Drop Earrings,70,
1f5d9b9a-cde0-4db5-bb26-4cc8fd147dc5,UTT-GPE-012,Champagne Flower Teardrop Earrings,70,
4382f2e5-c1ef-4a9a-b265-ef0fb9f26ff7,UTT-GPE-013,Leopard Print Heart Stud Earrings,70,
84b7fdd8-2d16-41c9-86bd-9f540652319d,UTT-GPE-014,Gold Oval Pearl Button Earrings,70,
9df20a22-d60e-4498-982e-e7fedb01c4a6,UTT-GPE-015,Peach Crystal Pearl Drop Earrings,70,
7c90b836-6065-4987-8f31-163ca0a9cb2d,UTT-GPE-016,Champagne Crystal Cluster Earrings,70,
a4b5a252-7f5f-43db-ad90-09dc4906713d,UTT-GPE-017,Gold Textured Spiral Hoop Earrings,70,
6450bc63-9018-4e80-a0fe-27f52583dd9f,UTT-GPE-018,White Double Pearl Stud Earrings,70,
d8243d4b-a546-452a-a077-d3b870eeb647,UTT-GPE-019,Gold Ribbed Croissant Stud Earrings,70,
a543839e-7143-4008-87fd-9486c935b124,UTT-GPE-020,Gold Letter G Stud Earrings,70,
8fb0ad4f-ef81-4055-9c00-7fa4db2e93b1,UTT-GPE-021,Gold Hammered Multi Hoop Earrings,70,
bf36094c-1843-46d7-a90e-71a0c4ba747c,UTT-GPE-022,Gold Swirl Teardrop Cluster Earrings,70,
3d5e8e30-eb82-4a72-852e-cec30a71c305,UTT-GPE-023,Gold Crystal Button Stud Earrings,70,
b32dccf4-333e-4919-b64f-91b1a81d5106,UTT-GPE-024,Gold Molten Drop Hoop Earrings,70,
6a01a1d9-76b9-4649-a876-4138fee69d8f,UTT-GPE-025,Gold Classic Teardrop Hoop Earrings,70,
52fb059e-0d8a-4851-9fc7-9256d4c2847f,UTT-GPE-026,Gold Scroll Monogram Stud Earrings,70,
ce7cbb2c-21a6-4f71-82e5-6ca620c6160a,UTT-GPE-027,Black Cabochon Ribbed Stud Earrings,70,
c7fa29d7-b998-48c1-b3e2-46c9c5b98acb,UTT-GPE-028,Gold Beaded Crossbar Stud Earrings,70,
2479f153-8974-47b8-ae81-76c76d214761,UTT-GPE-029,Silver Petal Flower Stud Earrings,70,
550d0a50-fcbb-40d3-9d39-10ce562a22cc,UTT-GPH-001,Gold Thin Wire Large Hoops,40,
b2252a50-381e-4c0c-bbec-e55a6208957f,UTT-GPH-002,Gold Classic Round Hoops,40,
4bbc7a9b-85e6-45b3-9280-3352c47dff47,UTT-GPH-003,Gold Geometric Triangle Hoops,40,
13d61efb-e02b-43bc-b853-d81f3e621b76,UTT-GPH-004,Gold Star Outline Hoops,40,
84caf0a9-d422-472a-b430-98f2f977e253,UTT-GPH-005,Silver Crystal Pave Statement Hoops,40,
74bd09be-3e43-42ef-b7fa-5211af579368,UTT-GPH-006,Silver CZ Tennis Hoops,40,
fb6f3a8b-88df-43a0-a9c7-b806f72ae21e,UTT-GPH-007,Gold Crystal Pave Statement Hoops,40,
104da7c0-fad6-40d2-a68e-3d4a89fb69fb,UTT-GPH-008,Gold CZ Tennis Hoops,40,
7da1aeb0-7d72-4b10-93f4-affe70c13c38,UTT-NFM-001,Star of David Pendant Necklace,200,
227b0229-4bd9-4bc2-875b-c67f5ed947ec,UTT-NFM-002,Layered Cross Pendant Chain Necklace,200,
b2e070fe-78f8-42a0-a927-0713b7d9cbaf,UTT-NFM-003,Knot Pendant Box-Chain Necklace,200,
1b8047ab-5d02-448f-a5ec-b8038608988b,UTT-NFM-004,Gothic Cross Pendant Necklace,200,
b880d426-576a-48fb-a0a5-95068a302326,UTT-NFM-005,Gold Double Cross Pendant Necklace,200,
62762fcf-ac2a-49cc-a523-e291ba737847,UTT-NFM-006,Silver Double Cross Beaded Chain Necklace,200,
4cee0b1d-9ed3-4d4c-83ce-b82ae894d458,UTT-NFM-007,Gold Cross Pendant Snake Chain Necklace,200,
47ee2572-0fb3-4dbf-9cc8-d9a69617e3cc,UTT-NFM-008,Gold Mariner Link Chain Necklace,200,
4dbaf0f2-8fe9-4012-acc0-e9c4c23ad641,UTT-NFM-009,Gold Dog Tag Pendant Necklace,200,
89f201e3-b1bb-4aa5-967b-978b2239ec8e,UTT-NFW-001,Pastel Pear Floral Necklace,200,
ceb7fe92-24b6-4771-be1e-02712ec28cf2,UTT-NFW-002,Blue Center Curved CZ Necklace,200,
4274ea9b-a45e-4153-b24d-a5248f38163f,UTT-NFW-003,Aqua Teardrop Station Necklace,200,
c0606c25-5552-419f-8f3e-4751d333f875,UTT-NFW-004,Rainbow Curved Gemstone Necklace,200,
8937915f-99c4-4590-838e-51ee7aa8c2da,UTT-NFW-005,Floral Halo CZ Pendant Necklace,200,
b7e61327-3a65-4d42-8f77-2eae821b31b7,UTT-NFW-006,Pink Oval Halo Pendant Necklace,200,
dd94b5f0-ff98-4d07-ab65-4087ca50780a,UTT-NFW-007,Crystal Flower Cluster Necklace,200,
5d1bd100-c696-4a2c-bdb7-322e0f2e07f6,UTT-NFW-008,Gold Graduated Smile CZ Necklace,200,
b42e17ef-6066-4884-a58f-d85d162c59e4,UTT-NFW-009,Gold Starburst Circle Pendant Necklace,200,
f59f9b28-c7a7-4fd8-94fc-30ba73fec600,UTT-NFW-010,Blue Oval Filigree Drop Necklace,200,
b3065241-7a79-403d-947b-03668b060e6c,UTT-NFW-011,Turquoise Heart Halo Pendant Necklace,200,
59fae059-3a35-48c0-8465-7b5a4a160680,UTT-NFW-012,Crystal Heart Halo Pendant Necklace,200,
44ba41de-e524-4dd8-80cf-72941185eff1,UTT-NFW-013,Butterfly Pear-Cut Station Necklace,200,
842b44f5-445f-47f3-ba33-0af0e24187e6,UTT-NFW-014,Pear Teardrop Halo Pendant Necklace,200,
e61d63fa-3873-42a4-8ff5-98b1757a9d3d,UTT-NFW-015,Pavé Butterfly Cluster Necklace,200,
891cddaf-38ad-4790-8606-ccb64136b8dc,UTT-NFW-016,Celestial Star Pavé Necklace,200,
088bc2af-f55e-454f-89f7-478c6c4091fe,UTT-NFW-017,Triple Stone Sliding Oval Necklace,200,
ee142efa-9fae-457e-9a98-914ee4081bc4,UTT-NFW-018,Gold Gauge Link Pavé Necklace,200,
02540bd8-8392-4bde-9151-752ac7b829e6,UTT-NFW-019,Cushion Halo Square Pendant Necklace,200,
0d5e74b1-1198-4bae-98f7-82ab5e9f3258,UTT-NFW-020,Gold Minimalist V Pendant Necklace,200,
f5fab4dc-1e50-4a8b-821c-ba994dd4222f,UTT-NFW-021,Gold Cube Cluster Necklace,200,
29263ec6-9b96-4a3a-99bb-2314695efefd,UTT-NFW-022,Gold Filigree Butterfly Necklace,200,
199ee636-dbca-44c5-9845-12a93066dcf0,UTT-NFW-023,Crystal Bow Drop Pendant Necklace,200,
d919bda7-bda2-4880-91c3-037588ba5899,UTT-NFW-024,Pink Gradient Floral Drop Necklace,200,
9368ebbe-f397-4ed3-acc9-9ec6b8998e68,UTT-NFW-025,Blue Star Snowflake Pendant Necklace,200,
4064c79f-6178-401e-ba03-d40266f874ed,UTT-NFW-026,Square Frame Solitaire Necklace,200,
8266fff3-a184-4d13-af70-4d8a1e85ef00,UTT-NFW-027,Gold Leaf Branch Y-Necklace,200,
525817d3-c298-4d66-9dd3-220c007b79fd,UTT-NFW-028,Pink Wing Ornate Butterfly Necklace,200,
8bbfc227-3cba-4cc9-bffa-674ee70580e8,UTT-NFW-029,Marquise Sunburst Cluster Necklace,200,
2ca9e863-dee1-4300-8b72-294278b8a3cb,UTT-NFW-030,Pastel Curved Gem Bar Necklace,200,
d9918190-cf8f-43e5-ac0b-ab6a3b35cd05,UTT-NFW-031,Crystal Snowflake Pendant Necklace,200,
8cf488d4-e816-4ba1-a90a-49ba46ff0eb9,UTT-NFW-032,Blue Butterfly Cube Drop Necklace,200,
5331c3f9-ba82-42f7-a85a-9914aa64f345,UTT-NFW-033,Pink Stone Bow Pendant Necklace,200,
4c273fd6-3836-40d3-af02-f035c993213e,UTT-NFW-034,Gold Bow Iridescent Cube Necklace,200,
03011064-843b-46d1-9deb-4a667e4a0748,UTT-NFW-035,Interlocking Hearts Pavé Necklace,200,
32a27de6-29ba-489c-ba62-496615216cc0,UTT-NFW-036,Quatrefoil Pavé Pendant Necklace,200,
87a9fb6e-2884-4a14-8104-901bdabf5f3c,UTT-NFW-037,Pink Hexagon Marquise Drop Necklace,200,
402fc456-ad2c-441d-b44c-074e6674efe3,UTT-NFW-038,Black Stone Snowflake Necklace,200,
3c921193-e53a-4fb5-97b3-51ab262d820a,UTT-NFW-039,Crystal Bow Teardrop Necklace,200,
8aa0fe21-6c8e-4c3e-87b2-a73286f8bc5d,UTT-NFW-040,Virgo Crown Layered Necklace,200,
3c2c4708-e7fd-4709-b12f-902b404e9bcc,UTT-NFW-041,Pink Hexagon Bow Drop Necklace,200,
8a7fde2c-03a7-4239-80da-fa1c762909ac,UTT-NFW-042,Gold Flower Iridescent Cube Necklace,200,
b7cc2c79-dfc4-4756-a47d-9ae9be907e2a,UTT-NFW-043,Convertible Heart Clover Necklace,200,
aabcc3ad-535f-4731-8f5c-3b9ad47c12ff,UTT-NFW-044,Crystal Daisy Stem Pendant Necklace,200,
a06371c2-8289-437d-a734-a1ef901b508e,UTT-NFW-045,Open Heart Lariat Necklace,200,
afb8918f-a244-4699-abfb-e14404ec651f,UTT-NFW-046,Pink Accent Pavé Bow Necklace,200,
e932fb0b-85b9-4ffd-b29d-1d3d8b1fa42a,UTT-NFW-047,Double Heart Baguette Necklace,200,
f3da80d2-04cb-41f7-b95c-e0b8acf4ba32,UTT-NFW-048,Crystal Pavé Bow Necklace,200,
8ae453c0-ec45-48bc-9e41-3ff8ba33be1f,UTT-NFW-049,Dual Heart Bow Drop Necklace,200,
56e37107-364f-4e06-be41-7410fa6a7c7d,UTT-NFW-050,Stacked Baguette Bar Necklace,200,
2e24e684-b474-4039-92e9-a72cf2e82782,UTT-NFW-051,Interlock Crystal Logo Necklace,200,
a89d91c0-03e6-42e0-bb2f-5706fbfd4c71,UTT-NFW-052,Love Heart Solitaire Necklace,200,
e7ba7e24-d624-4fff-a4eb-97e5f2c78f96,UTT-NFW-053,Pavé Butterfly Pendant Necklace,200,
7d3b4da4-1f35-45ab-aee9-23e13d3795b5,UTT-NFW-054,Filigree Heart Solitaire Necklace,200,
317af441-598f-4918-9a3f-b51adb5ad77d,UTT-NFW-055,Bow Top Solitaire Pendant Necklace,200,
5c33ef36-0b7b-4f09-9a77-10d7b3f6de44,UTT-NFW-056,Orb Centre Pavé Bow Necklace,200,
50612890-d2c6-44ed-b727-a6aeb1da97ca,UTT-NFW-057,Baguette Pavé Bow Necklace,200,
e1c940bd-670e-4b67-833e-3d4c0dd7a402,UTT-NFW-058,Iridescent Crystal Heart Necklace,200,
4273927c-90ce-4ddc-8bee-b926bf23d6a5,UTT-NFW-059,Heart Padlock Pavé Necklace,200,
08392b4e-07f9-4e00-9bbd-171e7039b8d8,UTT-NFW-060,Open Heart Solitaire Necklace,200,
c1acf16e-5a3b-4ece-85ea-7e01810aec11,UTT-NFW-061,Crown Solitaire Pendant Necklace,200,
6fdf8d2e-91a2-4efd-8989-0aaa7cea47dc,UTT-NFW-062,Pink Gemstone Bunny Pendant Necklace,200,
6438c6f0-1fdc-4853-a6c4-97621b8482bf,UTT-NFW-063,Gold Circle Crystal Bar Necklace,200,
0a689997-0ebc-4539-a1b2-52e14e849a79,UTT-NFW-064,Two-Tone Sunburst Wheel Necklace,200,
ac22fe9b-3e34-4af6-b4e3-4445004119ea,UTT-NFW-065,Red Heart Faceted Crystal Necklace,200,
aadff8ee-548b-4102-a191-d60cba053863,UTT-NFW-066,Matte Gold Knot Bar Necklace,200,
cce97173-1fbd-4008-9a8d-714ccb9f9400,UTT-NFW-067,Gold D Initial Crystal Necklace,200,
85fa22c3-7603-49d7-9598-13c0ca8605c9,UTT-NFW-068,Gold H Initial Pendant Necklace,200,
cb9edef3-7c37-498d-8e44-463f0eec8d27,UTT-NFW-069,Gold Pony Red Stone Pendant Necklace,200,
8bebe10a-7e2b-445a-abcb-8d5ebcb539a8,UTT-NFW-070,Gold Textured Clover Station Necklace,200,
042dcb5b-2653-4b39-84bc-9c2ab8ea6932,UTT-NFW-071,Rainbow Gemstone Station Necklace,200,
070c4b52-90d0-4c09-a851-d2003720a64c,UTT-NFW-072,Gold Puffy Heart Satellite Necklace,200,
f635e772-8e5d-4ff1-8d1c-12e329a1dc31,UTT-NFW-073,Interlocking Double Ring Necklace,200,
1dca7426-d8a7-49aa-90c9-cc8cdfd5f4ee,UTT-NFW-074,Gold Seashell Pearl Pendant Necklace,200,
d01195b5-8ca5-4cff-ba28-9ba7c9924446,UTT-NFW-075,Gold C Initial Crystal Necklace,200,
e854fab3-04da-45df-ade5-ce74cf41fa94,UTT-NFW-076,Interlock Logo Crystal Rectangle Necklace,200,
775c56e6-84e8-4ca7-92c7-694d621f937c,UTT-NFW-077,Gold Bow Pendant Necklace,200,
e8420d60-71ed-49c6-a894-e1fb53cbc1eb,UTT-NFW-078,Geometric Charm Station Necklace,200,
70ee8b07-a42c-4b14-98c1-a9ca58f1e39b,UTT-NFW-079,Butterfly Enamel Pearl Drop Necklace,200,
9060cf04-5c50-4f2b-a3af-317756cffdd7,UTT-NFW-080,Gold Bow Heart Lariat Pearl Necklace,200,
d5cd6aa1-67b4-4cd2-a56c-d0d832a4ba7c,UTT-NFW-081,Multi-Colour Gemstone Cross Necklace,200,
a41b1b9b-16be-44f5-b46b-a7ddb997d8e7,UTT-NFW-082,Gold Dumbbell Red Crystal Necklace,200,
7fe959b6-91e8-474c-89a6-74f410bfb2d8,UTT-NFW-083,Gold Perfume Bottle Pendant Necklace,200,
bcfb76bd-933a-492b-807f-d924240e7ff8,UTT-NFW-084,Red Crystal Open Circle Necklace,200,
a4179044-4af1-4c59-a938-3bcced578acc,UTT-NFW-085,Gold Disc Striped Charm Necklace,200,
14be038e-929e-408d-8ee3-77a10371238d,UTT-NFW-086,Pearl Heart Pavé Edge Necklace,200,
51a06140-20a6-4f0d-9cfb-6cae437330e4,UTT-NFW-087,Baguette Crystal Curved Bar Necklace,200,
1862db08-1cdd-45d3-af54-4f575a35982c,UTT-NFW-088,Round Logo Pearl Drop Necklace,200,
faa15233-49ef-436b-b3fc-943ab5dc335f,UTT-NFW-089,Crystal Cherry Pendant Necklace,200,
14432b7b-bc54-43be-8f10-89a50a3b2eff,UTT-NFW-090,Gold Ball Drop Lariat Necklace,200,
a726675d-2864-4d45-9d0d-84f5a909866f,UTT-NFW-091,Gold Lightning Bolt Charm Necklace,200,
c51f3579-5347-4bc7-9b08-fdecd3a2469d,UTT-NFW-092,Gold Crystal Bunny Pendant Necklace,200,
6d8c67d5-3355-449a-8eb2-1faf9645d1a2,UTT-NFW-093,Silver Twisted Branch Pendant Necklace,200,
43f953cf-a814-4e82-83c1-8f68678bf3f8,UTT-NFW-094,Gold CZ Bamboo Pendant Necklace,200,
eca4f49d-51eb-496d-9080-bc31aec90dd3,UTT-NFW-095,Gold Double Heart Bead Necklace,200,
6cda4ff2-5155-4d6b-b200-de47d21776fa,UTT-NFW-096,Gold Open Heart Lariat Necklace,200,
54133571-41c8-485a-89d3-2ac3fe360e0f,UTT-NFW-097,Silver CZ Halo Cross Necklace,200,
1d8b2f0c-82d5-4a9e-a9ef-7796ea12c727,UTT-NFW-098,Silver Roman Numeral Medallion Necklace,200,
5ffa43cd-cc2c-4c81-ac2f-0620221917aa,UTT-NFW-099,Silver CZ Swirl Wave Necklace,200,
5fed65a6-8cc7-494b-a58a-fa53dc5565c0,UTT-NFW-100,Gold CZ Solitaire Cross Necklace,200,
ffcf8213-a5ce-4880-8d5c-31f55efeac92,UTT-SRW-001,Silver CZ Sunburst Flower Ring,100,
c2815b90-890e-42a6-af4b-e4c0fc540cb6,UTT-SRW-002,Gold Baguette Cluster Statement Ring,100,
a2493037-ab3d-4b8d-8ecc-e1239e2676da,UTT-SSE-001,Gold Chunky Oval Hoop Earrings,80,
f7cc10e2-4385-4ad2-b384-2db943f7fd93,UTT-SSE-002,Gold Slim Oval Hoop Earrings,80,
e52c8339-2170-4712-8d60-3c4fb5575352,UTT-SSE-003,Gold Thick Tube Hoop Earrings,80,
c8b9c9ce-4353-4777-a479-5d4a53e93e09,UTT-SSE-004,Gold Tapered Open Hoop Earrings,80,
4f9ef682-0f6b-4834-a15e-ab70e759311d,UTT-SSE-005,Gold Ribbed Puffed Hoop Earrings,80,
6d9a2979-e03b-44ac-95ab-891e2adaacb5,UTT-SSE-006,Gold Bamboo Weave Stud Earrings,80,
babf85df-c0eb-4154-aa3e-49b0b6e5cb0d,UTT-SSE-007,Gold Hammered Donut Earrings,80,
ff9ffd0d-943c-4ba1-b6ed-25124844f70b,UTT-SSE-008,Gold Hammered Heart Stud Earrings,80,
cdaf872c-11dd-483c-93e8-baa6a61754f5,UTT-SSE-009,Gold Quilted Dome Stud Earrings,80,
faaf9fcc-6990-429b-a110-ab7bb3c14bf0,UTT-SSE-010,Gold Ribbed Fan Knot Earrings,80,
cc2ac946-0070-4411-b8cc-92cabb02215d,UTT-SSE-011,Gold Shrimp Crescent Hoop Earrings,80,
cd1a0812-0cf9-4831-a70d-6a74ebdaf88f,UTT-SSE-012,Gold Fluted Sunburst Disc Earrings,80,
f086e87f-470a-4ba0-8539-80c8495143ec,UTT-SSE-013,Gold Ribbed Seashell Earrings,80,
8b0f6e7c-85c4-4a1c-a149-14bfcc853411,UTT-SSE-014,Gold Scalloped Door Knocker Earrings,80,
b4e04f25-3296-4ce5-920d-9d7607b855bf,UTT-SSE-015,Gold Puffed Heart Hoop Earrings,80,
7bb035a8-2218-41c3-ba2a-b5a75601fed9,UTT-SSE-016,Gold Round Door Knocker Earrings,80,
40e373a6-cb52-40d0-bec3-7b2fcda0036c,UTT-SSE-017,Gold Diamond Cut Hoop Earrings,80,
eb8c8964-7d56-4800-9cae-525f3b4f511c,UTT-SSE-018,Gold Vintage Lotus Hoop Earrings,80,
d53780b5-42a2-44a3-8c9a-c27ef92f86ee,UTT-SSE-019,Gold Pleated Fan Drop Earrings,80,
b854b1f1-49e6-477a-9b76-86a15a5e19c6,UTT-SSE-020,Gold Wheat Leaf Hoop Earrings,80,
32b2bbe6-4d4c-4597-a11f-edf87e274af0,UTT-SSE-021,Gold Sculptural Bell Hoop Earrings,80,
f5869ed2-3166-448b-8019-3b5a6ab0b73b,UTT-SSE-022,Gold Star Hoop Earrings,80,
9a2f90e7-68cf-4e7a-8cd9-d15d7dbfad10,UTT-SSE-023,Gold Heart Crown Hoop Earrings,80,
8b9febf9-edc9-4bb7-bc49-728bc137da7b,UTT-SSE-024,Gold Heart Bead Hoop Earrings,80,
20d8d63f-f45f-4c53-9195-8ff43194ae2c,UTT-SSE-025,Gold Graduated Bead Hoop Earrings,80,
ff5f5b2e-75fb-4b76-bcd3-50e0528dc72b,UTT-SSE-026,Hammered Gold Heart Stud Earrings,80,
8f5fe2c8-8af0-43b8-972d-d9c64eb9f274,UTT-TRW-001,Pink Crystal Flower Gold Ring,80,
44269aab-2fd3-4095-a573-38adbd3ea24a,UTT-TRW-002,Sky Blue Oval Solitaire Ring,80,
a5b4d593-2c63-41c8-a07b-26a36d68d34c,UTT-TRW-003,Blue Sunburst Halo Gold Ring,80,
4d65d207-ef6d-467b-9a52-530b64df6ef2,UTT-TRW-004,Gold Baguette Starburst Ring,80,
03d14fc7-5c5b-437b-89a5-601dda4b2fe8,UTT-TRW-005,Pastel Marquise Cluster Silver Ring,80,
ebb4f696-7d3c-4529-b24e-eac427c0578d,UTT-TRW-006,Gold Marquise Cluster Chevron Ring,80,
3f86d972-4a55-40ce-a90c-21af34daae00,UTT-TRW-007,Violet Pear Heart Silver Ring,80,
ace21303-47ae-410c-8581-c494e65d1141,UTT-TRW-008,Lilac Round Baguette Band Ring,80,
6ff1dc0f-1da9-4ddc-a609-8ec5c192c973,UTT-TRW-009,Amethyst Vintage Halo Silver Ring,80,
0617bc13-c867-43f9-8cbf-7e2639bd78fd,UTT-TRW-010,Multi Gem Open Heart Ring,80,
e47c66b1-71e9-4331-8652-9124cd7b15e8,UTT-TRW-011,Silver Daisy Flower CZ Ring,80,
13489f05-ec7e-4393-aa53-8382b3eeff78,UTT-TRW-012,Pink Cushion Rope Halo Ring,80,
1c5ddc9b-7b3a-4e91-bff7-4fdbd48c9390,UTT-TRW-013,Iridescent Hammered Gold Band Ring,80,
56456f98-e80d-4bb5-8102-3d95e4ac777f,UTT-TRW-014,Lavender Ballerina Cluster Gold Ring,80,
81f3471d-ec58-4038-83e6-af3477fb9b2e,UTT-TRW-015,Aqua Bezel Hammered Gold Ring,80,
35423673-96e6-483d-b9a5-dc469db41cf8,UTT-TRW-016,Gold Pave Cushion Signet Ring,80,
28eee1a4-333d-4305-afed-f4983026bce5,UTT-TRW-017,Gold Split Shank Solitaire Ring,80,
37bfb47b-0e03-4224-b08c-675ba04cadf1,UTT-TRW-018,Ocean Blue Cushion Halo Ring,80,
032639ca-c7cd-4291-8a60-d8d3250ef25b,UTT-TRW-019,Gold Filigree Flower Solitaire Ring,80,
0b3d940e-d045-4bf8-924f-960fa8619fb8,UTT-TRW-020,Gold Bezel Deco Solitaire Ring,80,
bc9cc701-fe63-41c8-8476-7d9feec22a94,UTT-TRW-021,Pink Pear Blossom Open Ring,80,
75bddb2a-8624-40e8-b2f3-3ccf1159e5d4,UTT-TRW-022,Gold Fluted Sunray Solitaire Ring,80,
a43794c8-dbc4-4ca5-b47e-02475f1a0d58,UTT-TRW-023,Silver Classic Solitaire Ring,80,
f4bb78c1-83a7-4c33-99b5-848e39c428c4,UTT-TRW-024,Aurora Sunburst Halo Gold Ring,80,
b76db39d-3f2e-4848-92a5-5e7899248a32,UTT-TRW-025,Emerald Green Oval Halo Ring,80,
79cf29b6-23e7-4d4f-88a5-bd904dcabae2,UTT-TRW-026,Sapphire Blue Oval Halo Ring,80,
58faa326-c5b2-4f81-ac30-a70fad44e37d,UTT-TRW-027,Gold Triple Marquise Band Ring,80,
682c8585-a550-415f-933c-d36f77802874,UTT-TRW-028,Pink Pave Chevron Silver Ring,80,
4a187c29-c65d-4cb9-8100-a289a40a1dbd,UTT-TSB-001,Silver Oval CZ Tennis Bracelet,130,
4ac5186e-3307-47e6-818b-557d359a2d09,UTT-TSB-002,Pink Teardrop Crystal Link Bracelet,130,
28013200-2f98-4658-a95f-0548d300fa2a,UTT-TSB-003,Pastel Heart Bow Charm Bracelet,130,
ab06bd7a-4cad-4748-af06-b732c7240220,UTT-TSB-004,Rainbow Flower Station Bracelet,130,
a30fedba-20b6-496b-b869-a84c36b52238,UTT-TSB-005,Gold Moving Bead Link Bracelet,130,
8f55ad6a-762e-4b4f-93a9-8e8fc0042fca,UTT-TSB-006,Pink White CZ Tennis Bracelet,130,
d085dc4c-8db0-4c26-8c68-25c5a5d11cbd,UTT-TSB-007,Silver Pave Teardrop Link Bracelet,130,
4a2998f9-49b1-4f61-8890-85cacf9c9e1a,UTT-TSB-008,Pastel Round CZ Tennis Bracelet,130,
9dd1ba0d-9a1c-44eb-88e1-6442af2804b5,UTT-TSB-009,Multicolor Marquise Link Bracelet,130,
d0df6b65-20ac-4816-8d07-e77bc5c1b924,UTT-TSB-010,Yellow Oval Halo Tennis Bracelet,130,
e597c146-7339-499e-b9df-f7c66f9fa9d2,UTT-TSB-011,Crystal Teardrop Bezel Bracelet,130,
557a5a8e-f477-45e0-ba65-9b70531490e2,UTT-TSB-012,Silver Round CZ Tennis Bracelet,130,
170ca49e-e150-42ee-9385-477fd6e21289,UTT-TSB-013,Pastel Leaf Chevron Bracelet,130,
232bf712-832c-49ca-b00f-922497b8cb31,UTT-TSB-014,Ruby Oval Halo Station Bracelet,130,
6e6a80c8-6675-4b6b-9da3-a114774ab025,UTT-TSB-015,Pastel Cushion Halo Chain Bracelet,130,
5185aafb-33e0-4555-8504-a8f7eb751b8c,UTT-TSB-016,Pastel Pave Flower Bracelet,130,
fdf8e1d8-25bf-4bfe-af08-48c4d84db1f5,UTT-TSB-017,Silver Graduated Crystal Bracelet,130,
cca9f677-8dd6-4328-b4d0-bd7c68937d6f,UTT-TSB-018,Crystal Daisy Pastel Accent Bracelet,130,
dfd4043a-c6e1-4300-9998-39c0a03b82ca,UTT-TSB-019,Silver Marquise Blossom Bracelet,130,
056f9ce9-b458-4b01-a949-c6c0da2e6fed,UTT-TSB-020,Iridescent Pastel Cluster Bracelet,130,
c938ee93-c821-42cf-ab4e-044d6c85ddd9,UTT-TSB-021,Pink Petal Flower Chain Bracelet,130,
e61ddcc0-fb71-4010-a974-2aef568f0ef3,UTT-TSB-022,Gold Cross Charm Bracelet,130,
66d9a7cf-81bf-4e3d-9e1f-4e303ebe321e,UTT-TSB-023,Silver Clover Chain Bracelet,130,
44008f92-9169-41f0-85cf-3ea1363f86f5,UTT-TSB-024,Gold Kite CZ Tennis Bracelet,130,
5fb75b50-717b-4243-92dc-5970faecc9e2,UTT-TSB-025,Silver Tilted Baguette Bracelet,130,
4519aec3-4ef4-4245-b1a5-622b7ccdd34d,UTT-TSB-026,Gold Round CZ Tennis Bracelet,130,
0ed66f16-ebb3-43d6-b47a-24d58adafd5f,UTT-TSB-027,Gold Marquise CZ Tennis Bracelet,130,
0c81c3d2-0c18-4997-bef7-e4cfbe5c8ffb,UTT-TSB-028,Gold Heart Fishbone Chain Bracelet,130,
8f68bd11-f60e-4105-b86d-c1fefc86adfa,UTT-TSB-029,Gold Padlock Charm Chain Bracelet,130,
d89f570c-d1a0-452a-a018-16a0121fcf67,UTT-TSB-030,Gold Love Circle Chain Bracelet,130,
c1211dcf-7f33-4671-a4cd-806554f15415,UTT-TSB-031,Gold Sideways Cross Chain Bracelet,130,
34b0b3ea-523f-42a6-ad64-e86848e25bb0,UTT-TSB-032,Gold Letter D Paperclip Bracelet,130,
f6c10f0d-0353-4538-a7c7-7cb5f6760be7,UTT-TSB-033,Gold Star Medallion Curb Bracelet,130,
9eb5b24a-6a96-4e25-b440-935af319717b,UTT-TSB-034,Gold V Oval Charm Bracelet,130,
19306e44-80d1-4a8d-9379-4d09b4b3f924,UTT-TSB-035,Gold Hourglass Slider Chain Bracelet,130,
2ac9f9da-c8ce-4709-87b1-3128e9e2b959,UTT-TSB-036,Silver Classic CZ Tennis Bracelet,130,
54168677-1b4b-4bcf-9628-a6017749fb13,UTT-TSE-001,Oval CZ Solitaire Stud Earrings,65,
4634d95f-90f6-4bef-8565-bb397a3dea66,UTT-TSE-002,Pink Heart CZ Stud Earrings,65,
56f6016b-7ca2-425f-ae0d-939dc74ee749,UTT-TSE-003,Crystal Cross Stud Earrings,65,
c5b6b9df-9332-49ab-a0aa-93c36bf1f2e6,UTT-TSE-004,Round Halo CZ Stud Earrings,65,
8452cbed-15d3-4157-bb9f-b41aff7b3270,UTT-TSE-005,Textured Huggie Hoop Earrings,65,
030f0fa5-d3f5-44f1-a164-140c69e11fed,UTT-TSE-006,Cushion Halo Double Drop Earrings,65,
774c306b-3329-4efd-9042-d7fcdf05f17a,UTT-TSE-007,Purple Antler CZ Stud Earrings,65,
537436a3-c95e-476a-b3e9-f30dd23d6cfb,UTT-TSE-008,Crystal Bow Star Drop Earrings,65,
a24031e2-dc06-41af-ad12-2a7bd93788d8,UTT-TSE-009,Pink Butterfly Huggie Drop Earrings,65,
8ed22c6c-8f36-485c-ac79-6c1750375014,UTT-TSE-010,Sky Blue Double Halo Drop Earrings,65,
c45c978d-3893-4988-bb49-66951062402d,UTT-TSE-011,Pastel Pear Bow Star Drop Earrings,65,
a1c530ff-6877-414f-b3ba-5c14f4e1635d,UTT-TSE-012,Crystal Crown Stud Earrings,65,
963e06c4-e144-4f9c-a4d1-1d4eae4e9688,UTT-TSE-013,Cat & Pink Heart Drop Earrings,65,
3e01eb5e-cf58-490b-879e-535355cb1096,UTT-TSE-014,Pastel Floral Halo Stud Earrings,65,
5788e3ab-66ac-4f43-8d0b-39355566b138,UTT-TSE-015,Aqua Crystal Leaf Stud Earrings,65,
f90c9bc3-d05d-4304-a321-8557deb2284a,UTT-TSE-016,Jewel Bow Stud Earrings,65,
d9c07c45-c01f-429e-92e0-463bad6df5c1,UTT-TSE-017,Emerald Heart Halo Stud Earrings,65,
ffe67162-1d42-41e9-a60c-5ebb2d60df37,UTT-TSE-018,Aqua Blossom Drop Earrings,65,
5b880e9d-4060-4c90-b7d6-893b5b8b4111,UTT-TSE-019,Pink Marquise Spike Earrings,65,
4efa39cd-3f8f-4a52-b4d3-c67232eb31a6,UTT-TSE-020,Chunky Gold Hoop Earrings,65,
5a2034cb-60ae-4b37-a5ea-4ebaba5e8e5a,UTT-TSE-021,Crystal Flower Cluster Stud Earrings,65,
6a05df27-306c-45ac-8522-1e8350e98693,UTT-TSE-022,Aqua Crystal Bezel Stud Earrings,65,
2785da25-0669-4eef-a17d-4c8248d1ccd1,UTT-TSE-023,Gold Aqua Halo Drop Earrings,65,
2470482c-0465-47ac-af90-dd69b0dcf675,UTT-TSE-024,Bow & Blue Heart Drop Earrings,65,
a2ae8b20-322f-48ec-a8c3-b198ffab4d89,UTT-TSE-025,Pastel Cluster Halo Stud Earrings,65,
86c09f57-63fa-48e1-b774-f851b5fa5714,UTT-TSE-026,Crystal Petal Flower Stud Earrings,65,
02843424-bc3b-4e67-82f0-972d60dc2667,UTT-TSE-027,Aqua Daisy Flower Stud Earrings,65,
ba244acb-08d2-41c6-95a4-6a9ce32bbe4d,UTT-TSE-028,Crystal Bloom Drop Stud Earrings,65,
fd5d274a-58f4-4245-a629-2d0949689562,UTT-TSE-029,Pearl Fan Drop Earrings,65,
e8f59856-3f31-4c49-9c4a-50c0a3dc2f1b,UTT-TSE-030,Gold Devil Heart Stud Earrings,65,
f4148d8a-1b34-477d-8e22-985e26a8eeb0,UTT-TSE-031,Crystal Oval Bezel Drop Earrings,70,
1c48e779-cc6a-4f95-8980-1ba88b6d6452,UTT-TSE-032,Emerald Butterfly Pearl Stud Earrings,65,
1c83b459-8ef5-463a-af15-7676c33e8e18,UTT-TSE-033,Silver Bow Teardrop Drop Earrings,70,
dce71555-07df-4858-b864-0b92a43728cf,UTT-TSE-034,Crystal Flower Teardrop Drop Earrings,65,
9363dbf5-7b3a-45dc-bec0-85c2c6f5b625,UTT-TSE-035,Blue Topaz Double Halo Earrings,70,
9f24bfcf-e37c-4994-8f3a-3aae4762c8a2,UTT-TSE-036,Amethyst Sunburst Emerald Stud Earrings,65,
7158a880-bfc5-441c-a535-9be36725508d,UTT-TSE-037,Gold Palm Tree Pearl Drop Earrings,65,
be15bf23-0c45-4f4f-877b-f2d350182a32,UTT-TSE-038,Burgundy Blossom Pearl Cluster Earrings,65,
45b08293-4949-46ec-ab28-2606eebb0557,UTT-TSE-039,Silver Baguette Butterfly Stud Earrings,70,
380d8870-e0b3-441e-aeee-15315fac553d,UTT-TSE-040,Multicolor Firework Spray Earrings,65,
0c82e0cc-89cb-41c6-bbe6-db7b4612f2d0,UTT-TSE-041,Mint Shell Butterfly Stud Earrings,65,
b7910971-6fa5-46c8-9f4c-f946fd09d820,UTT-TSE-042,Pave Gold Mushroom Drop Earrings,70,
fe796344-a485-4e37-a561-b485ed23156a,UTT-TSE-043,Pink Crystal Pearl Bee Earrings,65,
57f90337-2665-4ca5-8014-d5b36a7b0fdc,UTT-TSE-044,Emerald Petal Cluster Drop Earrings,70,
0b582139-c6d8-45c8-bb2d-4f9bda237559,UTT-TSE-045,Gold Star Pearl Dangle Earrings,65,
f6aa31d4-d783-420f-9670-2a067cf76418,UTT-TSE-046,Marquise Crystal Butterfly Earrings,65,
de3e77ab-3a6e-4daa-970a-eb045df2e243,UTT-TSE-047,Crystal Flower Green Stem Earrings,65,
09f14de1-00a3-4822-91d5-1bfbe8e31893,UTT-TSE-048,Crystal Bow Camellia Drop Earrings,65,
80573150-f714-469b-ac8d-4b83a76084e5,UTT-TSE-049,Aqua Teardrop Pearl Butterfly Earrings,65,
eeca6910-3ed9-472a-b481-a8b4f2a1702f,UTT-TSE-050,Crystal Vine Pearl Drop Earrings,65,
65612936-bfb1-490a-95b2-404dce5577dd,UTT-TSE-051,Pastel Daisy Crystal Cluster Earrings,65,
f5969af9-c03b-48f5-b31b-14ab722fc3b5,UTT-TSE-052,Aqua Heart Silver Flower Earrings,65,
9af2fb9b-15d0-422e-a6e3-deeba9ffd1cf,UTT-TSE-053,Gold Dandelion Spray Stud Earrings,65,
9d681b4d-588a-4df3-ae80-2cbccad1a9fa,UTT-TSE-054,Sapphire Halo Round Stud Earrings,65,
69160d19-5a7e-4548-bb39-c4746471e588,UTT-TSE-055,Gold Tulip Pave Leaf Earrings,65,
fab37b8e-6ec7-44c7-ae06-3dc123cb05e4,UTT-TSE-056,Gold Rhombus Clover Drop Earrings,65,
aef4cde4-3be6-4523-a3b0-f6eba5238898,UTT-TSE-057,Pink Citrine Petal Huggie Earrings,65,
419f4bfd-f9e9-42b4-b3bf-23313e49c242,UTT-TSE-058,Crystal Fan Double Dangle Earrings,65,
85a397b8-3894-480e-b6b2-b3abf35e3cdd,UTT-TSE-059,Sparkling Kitty CZ Stud Earrings,65,
583d48b0-3bd3-4f36-9122-0f94ec6b7d60,UTT-TSE-060,Pave Crown Pearl Drop Earrings,65,
78a115dc-6b05-4427-9dd3-48e8ce87c058,UTT-TSE-061,Golden Star Cluster Stud Earrings,50,
00028823-2e31-4211-a34a-bd48ccea31bd,UTT-TSE-062,Ombre Ruby Chain Drop Earrings,70,
f11795ca-d924-4f5f-b336-071eca10a527,UTT-TSE-063,Star Paw Print Drop Earrings,65,
337a9da5-7c25-41fb-8187-65f14a3a0fd9,UTT-TSE-064,Pink Butterfly Duo Drop Earrings,65,
d0903aed-de71-48af-9bd3-cfddb7403f1d,UTT-TSE-065,Golden Rose Solitaire Stud Earrings,65,
faf72ff9-981f-41bc-a3e5-f90b4d115617,UTT-TSE-066,White Clover Gold Stud Earrings,50,
b11063cd-e39b-422d-9a2e-4c23ee8e8eb0,UTT-TSE-067,Pink Marquise Pave Butterfly Earrings,65,
c4b07574-daa8-4302-8206-8cda2cd47390,UTT-TSE-068,Tri-Color Gem Trio Stud Earrings,50,
ec7a61f0-4c98-4b6f-8509-41f345fe8610,UTT-TSE-069,Open Star CZ Solitaire Earrings,50,
6ef84c36-2f45-4a48-ad10-493d6b0b8a18,UTT-TSE-070,Silver Pave Double Butterfly Earrings,65,
f84eba29-7a67-425e-b8dd-fc31c1c52be3,UTT-TSE-071,Lavender Wing Butterfly Stud Earrings,65,
dc31d4bd-5038-4ce9-b3f9-2a09110fdeb9,UTT-TSE-072,Citrine Yellow Linear Drop Earrings,65,
dc069ded-e51b-421b-b7e3-a90b42ba2207,UTT-TSE-073,Crystal Petal Fan Drop Earrings,70,
a732cc04-3c1c-47bd-8959-74ba8d13b2c9,UTT-TSE-074,CZ Bow Wreath Stud Earrings,70,
74a0a855-d76d-429b-ae6a-58fb207a1b4f,UTT-TSE-075,Blush Heart Cascade Drop Earrings,65,
b230fa87-09aa-41b2-9bc5-5176d5a62164,UTT-TSE-076,Star Constellation Climber Drop Earrings,65,
f5604d47-606c-4ea2-8946-8c8d9de1ec45,UTT-TSE-077,Twin Open Heart CZ Earrings,50,
d039a7f8-4efc-458d-8d77-979cd45c6416,UTT-TSE-078,Triple North Star Drop Earrings,65,
62c5cd15-c998-42de-9d20-edd5e14d9848,UTT-TSE-079,Sunny Citrine Halo Hoop Earrings,70,
81a7ba4a-1f7c-451a-b63e-17273b80bee9,UTT-TSE-080,Bezel Round Solitaire Stud Earrings,65,
e882ab5c-4554-4635-8aeb-4084bfd0db97,UTT-TSE-081,Peridot Pear Teardrop Stud Earrings,65,
7a9a9c5c-8d2a-48d3-83a0-be471887b86d,UTT-TSE-082,Aqua Crystal Drop Huggie Earrings,65,
fa16ac6c-7352-4f4d-a741-0002b281995b,UTT-TSE-083,Pink CZ Spiderweb Drop Earrings,65,
99bd0471-6620-46c8-bfe2-f17908a38455,UTT-TSE-084,Pearl Halo Crystal Heart Earrings,65,
f3dca8f5-7261-4240-ae0d-a9236bf96d54,UTT-TSE-085,Teal Cushion Halo Earrings,65,
fcf9e4b3-2729-450a-84c0-38fc66e48b97,UTT-TSE-086,Lavender Marquise Vintage Drop Earrings,65,
d09d4a02-4737-4f67-aec6-18d97ae2f88d,UTT-TSE-087,Gold Pastel Trio Huggie Earrings,65,
231b8dac-16fe-44c0-a767-419ae9c67de7,UTT-TSE-088,Silver Marquise CZ Hoop Earrings,65,
ec20a88e-55e3-4a0d-87a6-b5a61b8fb968,UTT-TSE-089,Silver Pave Dome Huggie Earrings,70,
6ca574e9-06d1-42a2-8cbb-0fcaef670229,UTT-TSE-090,Gold Marquise CZ Hoop Earrings,65,
9ba882c3-4b61-42cb-aef6-bd856291bd50,UTT-TSE-091,Silver Bow CZ Dangle Earrings,70,
901f3934-5ce5-49bc-8983-4568139b5acf,UTT-TSE-092,Pearl Crescent Moon Stud Earrings,50,
ea0621dd-35b1-43bc-829d-00b73ae7c948,UTT-TSE-093,Crystal Cushion Halo Huggie Earrings,65,
7b6a0532-7518-41fa-a9e4-25007c5f6e5b,UTT-TSR-001,Canary Oval Halo Silver Ring,80,
e8022bba-cf12-4334-893b-3f2b21f26a6c,UTT-TSR-002,Silver Flower Pave Wrap Ring,80,
f6d6310d-7126-4661-b813-a02ecaa8b64f,UTT-TSR-003,Crowned Oval Solitaire Silver Ring,80,
9f5c663a-ff50-4492-9cb0-41844044b106,UTT-TSR-004,Amethyst Round Halo Silver Ring,80,
e7cbbd48-dbf3-4522-b48a-27bf58ca16d1,UTT-TSR-005,Silver Pave Band Solitaire Ring,80,
dff284c6-efd5-4478-875a-678e2b912c06,UTT-TSR-006,Silver Oval Halo Pave Ring,80,
00d97dc0-9fd5-4109-93ad-3a9670690c82,UTT-TSR-007,Silver Split Shank CZ Ring,80,
320a6027-f7b8-4bfc-8580-565569d8a2e2,UTT-TSR-008,Oval Halo Pave Silver Ring,80,
2a952c26-8caf-4d25-89f1-b720d21515b5,UTT-TSR-009,Oval Solitaire Pave Silver Ring,80,
67b0c8b8-fb68-4e83-86ba-3691a36e77c1,UTT-TSR-010,Purple Round Halo Silver Ring,80,
a1814c40-8252-401c-93b3-dba58ea68a29,UTT-TSR-011,Braided Pave Silver Band Ring,80,
4a15dc12-06f6-473a-aead-b210834e6526,UTT-TSR-012,Round CZ Accent Solitaire Ring,80,
4a89c8a5-5ea3-4cf1-9895-d395c61fd484,UTT-TSR-013,CZ Flower Cluster Silver Ring,80,
a0d52d5a-f9d4-44d2-8563-7be53bf42c69,UTT-TSR-014,Silver CZ Eternity Band Ring,80,
53c2aa6c-7185-4ae1-b931-1aa2e3c59796,UTT-TSR-015,Pink CZ Halo Silver Ring,80,
915cddbe-f1bf-4964-91a9-22250cbbece3,UTT-TSR-016,Round Halo Milgrain Silver Ring,80,
4137b6c0-144a-4298-aa45-f559dc9a9294,UTT-TSR-017,Purple Solitaire Baguette Band Ring,80,
a294954e-0830-40a9-a35f-a4310bf533a8,UTT-TSR-018,Princess Cut Pave Silver Ring,80,
d9c72be1-d631-41f1-ac77-aa67ba9c6a29,UTT-TSR-019,Multicolor CZ Cluster Silver Ring,80,
9cc0f234-b5d1-46a6-9ee0-40f02cc88c49,UTT-TSR-020,Round Double Halo Silver Ring,80,
4bb32a4b-260d-4b10-b506-5e293f45433c,UTT-TSR-021,Chevron CZ Cluster Silver Ring,80,
f68279cf-a3d5-4c4c-92bd-bc972dd5d783,UTT-TSR-022,Emerald Cut Baguette Halo Ring,80,
0506900b-4a39-4f2c-ac0b-54b0bdf33850,UTT-TSR-023,Cushion Halo Split Shank Ring,80,
5341dced-51d8-4b72-bea4-e34862820936,UTT-TSR-024,Olive Oval Split Shank Ring,80,
345f785d-dbc4-42b3-b334-1b1ecacbe6c3,UTT-TSR-025,Cushion Halo Solitaire Silver Ring,80,
4f630a8a-345f-45bb-b67b-334d82a87c88,UTT-TSR-026,Marquise Crown Cluster Silver Ring,80,
491eef5d-298a-4b52-a5ab-10cf15412100,UTT-WFM-001,Classic Steel Sport Watch,330,
2a1f42ba-20eb-4db6-9a61-99a99d1016db,UTT-WFM-002,Roman Numeral Dress Watch,330,
0fdb9dc1-6777-40e1-8782-5a487fbf4020,UTT-WFM-003,Turquoise Dial Sport Watch,330,
30e642b6-e55d-43b9-b0f4-89839bab779d,UTT-WFM-004,Silver Link Minimalist Dress Watch,330,
3be74d83-064b-4e70-820e-f1972d6a95be,UTT-WFM-005,Gold Link Minimalist Dress Watch,330,
cf1b9320-8d11-4f12-8722-9dcac985c665,UTT-WFW-001,Gold Chain Link Petite Watch,330,
12401617-b8aa-4d21-a321-5d3a32067018,UTT-WFW-002,Silver Asymmetric Triangle Dial Watch,330,
73e7356f-112e-4081-824a-6175f1a5e32e,UTT-WFW-003,Gold Asymmetric Triangle Dial Watch,330,
bb15bd17-c39e-4908-bb78-5ea9e2a55f03,UTT-WFW-004,Rose Gold Mesh Square Watch,330,
1e918eb8-216d-432a-89f4-6902c3902e9f,UTT-WFW-005,Red Oval Roman Numeral Watch,330,
a839213f-4135-4bee-89f0-50f8ead7218a,UTT-WFW-006,Brown Leather Square Dial Watch,330,
3c3d3295-12fc-4078-b457-b70c21152884,UTT-WFW-007,Silver Crystal Triangle Bracelet Watch,330,
61e83c52-c8fa-45b4-a2f9-7a87850ddf98,UTT-WFW-008,Burgundy Oval Roman Numeral Watch,330,
697deaf0-359e-4827-99f9-5b9445da655a,UTT-WFW-009,Pink Crystal Triangle Bracelet Watch,330,
1b3dddd1-e04f-4240-9874-c2842947307f,UTT-WFW-010,Rose Gold Black Mesh Watch,330,
cf0ef191-a645-4981-9111-07440abecd40,UTT-WFW-011,Black Dial Mesh Square Watch,330,
e37845b5-96f8-4703-9b3e-2556eec8ab86,UTT-WFW-012,Purple Crystal Triangle Bracelet Watch,330,
91c4c989-c52b-4058-b566-e1cdb4243785,UTT-WFW-013,Silver Oval Roman Leather Watch,330,
9a210626-1b09-4399-976c-a27db5b36bfc,UTT-WFW-014,Black Crystal Triangle Gold Watch,330,
fd013999-fd30-4088-b2c7-c4f43016d11b,UTT-WFW-015,Gold Round Roman Leather Watch,330,
b29cb3da-1b6a-4d67-8f3e-276bc9311675,UTT-WFW-016,Gold Square Mother-of-Pearl Watch,330,
3fdf73b0-2eca-4cbc-9ffb-7e55330930dd,UTT-WFW-017,Black Tonneau Crystal Accent Watch,330,
